{"cameraMode":{"drawMode":0,"name":"Shaded","section":"Shading Mode"},"sceneLighting":false,"audioPlay":false,"sceneViewState":{"showFog":true,"showMaterialUpdate":true,"showSkybox":true,"showFlares":true,"showImageEffects":true,"showParticleSystems":true},"in2DMode":false,"pivot":{"x":-0.016100045293569566,"y":0.017214342951774598,"z":-0.019409896805882455},"rotation":{"x":-0.23205554485321046,"y":0.38177838921546938,"z":-0.0996462032198906,"w":-0.8890829086303711},"size":0.09986735135316849,"orthographic":false}