{"cameraMode":{"drawMode":0,"name":"Shaded","section":"Shading Mode"},"sceneLighting":false,"audioPlay":false,"sceneViewState":{"showFog":true,"showMaterialUpdate":true,"showSkybox":true,"showFlares":true,"showImageEffects":true,"showParticleSystems":true},"in2DMode":false,"pivot":{"x":-0.08415115624666214,"y":-0.0009927544742822648,"z":0.0035023577511310579},"rotation":{"x":-0.22760912775993348,"y":0.38622361421585085,"z":-0.09895233809947968,"w":-0.888388454914093},"size":0.2606390714645386,"orthographic":false}